{
  "metadata": {
    "model": "Qwen/Qwen2.5-7B-Instruct",
    "adapter": "/dev/shm/qwen-7b-sl-v2-stage1-lora",
    "eval_file": "data/sentlen_v2/stage1/val.jsonl",
    "mode": "stage1",
    "n_examples": 198,
    "temperature": 0.7,
    "scheme": "sentlen",
    "threshold": 8
  },
  "overall": {
    "exact_recovery_rate": 0.9696969696969697,
    "partial_recovery_rate": 0.9915254237288136,
    "avg_edit_distance": 0.045454545454545456
  },
  "by_length": {
    "4": {
      "n": 47,
      "exact_recovery_rate": 0.9787234042553191,
      "partial_recovery_rate": 0.9946808510638298,
      "avg_edit_distance": 0.02127659574468085
    },
    "5": {
      "n": 68,
      "exact_recovery_rate": 1.0,
      "partial_recovery_rate": 1.0,
      "avg_edit_distance": 0.0
    },
    "6": {
      "n": 47,
      "exact_recovery_rate": 0.9361702127659575,
      "partial_recovery_rate": 0.9893617021276596,
      "avg_edit_distance": 0.06382978723404255
    },
    "7": {
      "n": 36,
      "exact_recovery_rate": 0.9444444444444444,
      "partial_recovery_rate": 0.9801587301587301,
      "avg_edit_distance": 0.1388888888888889
    }
  },
  "detailed_results": []
}