{
  "metadata": {
    "model": "Qwen/Qwen2.5-7B-Instruct",
    "adapter": "/dev/shm/qwen-7b-sl-v2-v0-lora",
    "eval_file": "data/sentlen_v2/v0/test.jsonl",
    "mode": "v0",
    "n_examples": 182,
    "temperature": 0.7,
    "scheme": "sentlen",
    "threshold": 8
  },
  "overall": {
    "exact_recovery_rate": 0.17582417582417584,
    "partial_recovery_rate": 0.7358490566037735,
    "avg_edit_distance": 1.3846153846153846
  },
  "by_length": {
    "4": {
      "n": 61,
      "exact_recovery_rate": 0.22950819672131148,
      "partial_recovery_rate": 0.6844262295081968,
      "avg_edit_distance": 1.2622950819672132
    },
    "5": {
      "n": 43,
      "exact_recovery_rate": 0.27906976744186046,
      "partial_recovery_rate": 0.813953488372093,
      "avg_edit_distance": 0.9302325581395349
    },
    "6": {
      "n": 51,
      "exact_recovery_rate": 0.0784313725490196,
      "partial_recovery_rate": 0.7450980392156863,
      "avg_edit_distance": 1.5294117647058822
    },
    "7": {
      "n": 27,
      "exact_recovery_rate": 0.07407407407407407,
      "partial_recovery_rate": 0.6984126984126984,
      "avg_edit_distance": 2.111111111111111
    }
  },
  "detailed_results": []
}