{
  "metadata": {
    "model": "Qwen/Qwen2.5-7B-Instruct",
    "adapter": "/dev/shm/qwen-7b-sl-v2-v1a-lora",
    "eval_file": "data/sentlen_v2/v1a/test.jsonl",
    "mode": "v1a",
    "n_examples": 192,
    "temperature": 0.7,
    "scheme": "sentlen",
    "threshold": 8
  },
  "overall": {
    "exact_recovery_rate": 0.15104166666666666,
    "partial_recovery_rate": 0.6518737672583826,
    "avg_edit_distance": 1.8385416666666667
  },
  "by_length": {
    "4": {
      "n": 62,
      "exact_recovery_rate": 0.2903225806451613,
      "partial_recovery_rate": 0.7338709677419355,
      "avg_edit_distance": 1.064516129032258
    },
    "5": {
      "n": 44,
      "exact_recovery_rate": 0.1590909090909091,
      "partial_recovery_rate": 0.6681818181818182,
      "avg_edit_distance": 1.6590909090909092
    },
    "6": {
      "n": 56,
      "exact_recovery_rate": 0.07142857142857142,
      "partial_recovery_rate": 0.6458333333333334,
      "avg_edit_distance": 2.125
    },
    "7": {
      "n": 30,
      "exact_recovery_rate": 0.0,
      "partial_recovery_rate": 0.5476190476190477,
      "avg_edit_distance": 3.1666666666666665
    }
  },
  "detailed_results": []
}