{
  "metadata": {
    "model": "Qwen/Qwen2.5-7B-Instruct",
    "adapter": "/dev/shm/qwen-7b-sl-v2-v1b-lora",
    "eval_file": "data/sentlen_v2/v1b/test.jsonl",
    "mode": "v1b",
    "n_examples": 195,
    "temperature": 0.7,
    "scheme": "sentlen",
    "threshold": 8
  },
  "overall": {
    "exact_recovery_rate": 0.2717948717948718,
    "partial_recovery_rate": 0.7783155856727977,
    "avg_edit_distance": 1.1743589743589744
  },
  "by_length": {
    "4": {
      "n": 61,
      "exact_recovery_rate": 0.4262295081967213,
      "partial_recovery_rate": 0.8114754098360656,
      "avg_edit_distance": 0.7540983606557377
    },
    "5": {
      "n": 45,
      "exact_recovery_rate": 0.35555555555555557,
      "partial_recovery_rate": 0.8266666666666667,
      "avg_edit_distance": 0.8666666666666667
    },
    "6": {
      "n": 59,
      "exact_recovery_rate": 0.1694915254237288,
      "partial_recovery_rate": 0.788135593220339,
      "avg_edit_distance": 1.271186440677966
    },
    "7": {
      "n": 30,
      "exact_recovery_rate": 0.03333333333333333,
      "partial_recovery_rate": 0.6714285714285714,
      "avg_edit_distance": 2.3
    }
  },
  "detailed_results": []
}