{
  "metadata": {
    "model": "Qwen/Qwen2.5-7B-Instruct",
    "adapter": "/dev/shm/qwen-7b-sl-v2-v2-lora",
    "eval_file": "data/sentlen_v2/v2/test.jsonl",
    "mode": "v2",
    "n_examples": 191,
    "temperature": 0.7,
    "scheme": "sentlen",
    "threshold": 8
  },
  "overall": {
    "exact_recovery_rate": 0.09424083769633508,
    "partial_recovery_rate": 0.6660039761431411,
    "avg_edit_distance": 1.7591623036649215
  },
  "by_length": {
    "4": {
      "n": 62,
      "exact_recovery_rate": 0.11290322580645161,
      "partial_recovery_rate": 0.6290322580645161,
      "avg_edit_distance": 1.4838709677419355
    },
    "5": {
      "n": 44,
      "exact_recovery_rate": 0.18181818181818182,
      "partial_recovery_rate": 0.7545454545454545,
      "avg_edit_distance": 1.2272727272727273
    },
    "6": {
      "n": 57,
      "exact_recovery_rate": 0.05263157894736842,
      "partial_recovery_rate": 0.6900584795321637,
      "avg_edit_distance": 1.8596491228070176
    },
    "7": {
      "n": 28,
      "exact_recovery_rate": 0.0,
      "partial_recovery_rate": 0.5714285714285714,
      "avg_edit_distance": 3.0
    }
  },
  "detailed_results": []
}