{
  "metadata": {
    "model": "Qwen/Qwen2.5-14B-Instruct",
    "adapter": "/dev/shm/qwen-14b-sl-v2-stage1-lora",
    "eval_file": "data/sentlen_v2/stage1/val.jsonl",
    "mode": "stage1",
    "n_examples": 198,
    "temperature": 0.7,
    "scheme": "sentlen",
    "threshold": 8
  },
  "overall": {
    "exact_recovery_rate": 0.9494949494949495,
    "partial_recovery_rate": 0.9905838041431262,
    "avg_edit_distance": 0.050505050505050504
  },
  "by_length": {
    "4": {
      "n": 47,
      "exact_recovery_rate": 1.0,
      "partial_recovery_rate": 1.0,
      "avg_edit_distance": 0.0
    },
    "5": {
      "n": 68,
      "exact_recovery_rate": 0.9705882352941176,
      "partial_recovery_rate": 0.9941176470588236,
      "avg_edit_distance": 0.029411764705882353
    },
    "6": {
      "n": 47,
      "exact_recovery_rate": 0.8936170212765957,
      "partial_recovery_rate": 0.9822695035460993,
      "avg_edit_distance": 0.10638297872340426
    },
    "7": {
      "n": 36,
      "exact_recovery_rate": 0.9166666666666666,
      "partial_recovery_rate": 0.9880952380952381,
      "avg_edit_distance": 0.08333333333333333
    }
  },
  "detailed_results": []
}