{
  "metadata": {
    "model": "Qwen/Qwen2.5-14B-Instruct",
    "adapter": "/dev/shm/qwen-14b-sl-v2-v0-lora",
    "eval_file": "data/sentlen_v2/v0/test.jsonl",
    "mode": "v0",
    "n_examples": 182,
    "temperature": 0.7,
    "scheme": "sentlen",
    "threshold": 8
  },
  "overall": {
    "exact_recovery_rate": 0.21428571428571427,
    "partial_recovery_rate": 0.7484276729559748,
    "avg_edit_distance": 1.3186813186813187
  },
  "by_length": {
    "4": {
      "n": 61,
      "exact_recovery_rate": 0.32786885245901637,
      "partial_recovery_rate": 0.75,
      "avg_edit_distance": 1.0
    },
    "5": {
      "n": 43,
      "exact_recovery_rate": 0.27906976744186046,
      "partial_recovery_rate": 0.8093023255813954,
      "avg_edit_distance": 0.9534883720930233
    },
    "6": {
      "n": 51,
      "exact_recovery_rate": 0.13725490196078433,
      "partial_recovery_rate": 0.738562091503268,
      "avg_edit_distance": 1.5686274509803921
    },
    "7": {
      "n": 27,
      "exact_recovery_rate": 0.0,
      "partial_recovery_rate": 0.6931216931216931,
      "avg_edit_distance": 2.1481481481481484
    }
  },
  "detailed_results": []
}