{
  "metadata": {
    "model": "Qwen/Qwen2.5-14B-Instruct",
    "adapter": "/dev/shm/qwen-14b-sl-v2-v1a-lora",
    "eval_file": "data/sentlen_v2/v1a/test.jsonl",
    "mode": "v1a",
    "n_examples": 192,
    "temperature": 0.7,
    "scheme": "sentlen",
    "threshold": 8
  },
  "overall": {
    "exact_recovery_rate": 0.19791666666666666,
    "partial_recovery_rate": 0.6568047337278107,
    "avg_edit_distance": 1.8125
  },
  "by_length": {
    "4": {
      "n": 62,
      "exact_recovery_rate": 0.2903225806451613,
      "partial_recovery_rate": 0.7419354838709677,
      "avg_edit_distance": 1.032258064516129
    },
    "5": {
      "n": 44,
      "exact_recovery_rate": 0.25,
      "partial_recovery_rate": 0.6636363636363637,
      "avg_edit_distance": 1.6818181818181819
    },
    "6": {
      "n": 56,
      "exact_recovery_rate": 0.125,
      "partial_recovery_rate": 0.6696428571428571,
      "avg_edit_distance": 1.9821428571428572
    },
    "7": {
      "n": 30,
      "exact_recovery_rate": 0.06666666666666667,
      "partial_recovery_rate": 0.5285714285714286,
      "avg_edit_distance": 3.3
    }
  },
  "detailed_results": []
}