{
  "metadata": {
    "model": "Qwen/Qwen2.5-14B-Instruct",
    "adapter": "/dev/shm/qwen-14b-sl-v2-v1b-lora",
    "eval_file": "data/sentlen_v2/v1b/test.jsonl",
    "mode": "v1b",
    "n_examples": 195,
    "temperature": 0.7,
    "scheme": "sentlen",
    "threshold": 8
  },
  "overall": {
    "exact_recovery_rate": 0.3076923076923077,
    "partial_recovery_rate": 0.7909002904162633,
    "avg_edit_distance": 1.1076923076923078
  },
  "by_length": {
    "4": {
      "n": 61,
      "exact_recovery_rate": 0.3770491803278688,
      "partial_recovery_rate": 0.7950819672131147,
      "avg_edit_distance": 0.819672131147541
    },
    "5": {
      "n": 45,
      "exact_recovery_rate": 0.4666666666666667,
      "partial_recovery_rate": 0.8711111111111111,
      "avg_edit_distance": 0.6444444444444445
    },
    "6": {
      "n": 59,
      "exact_recovery_rate": 0.23728813559322035,
      "partial_recovery_rate": 0.7909604519774012,
      "avg_edit_distance": 1.2542372881355932
    },
    "7": {
      "n": 30,
      "exact_recovery_rate": 0.06666666666666667,
      "partial_recovery_rate": 0.7,
      "avg_edit_distance": 2.1
    }
  },
  "detailed_results": []
}