{
  "metadata": {
    "model": "Qwen/Qwen2.5-14B-Instruct",
    "adapter": "/dev/shm/qwen-14b-sl-v2-v2-lora",
    "eval_file": "data/sentlen_v2/v2/test.jsonl",
    "mode": "v2",
    "n_examples": 191,
    "temperature": 0.7,
    "scheme": "sentlen",
    "threshold": 8
  },
  "overall": {
    "exact_recovery_rate": 0.14136125654450263,
    "partial_recovery_rate": 0.7166998011928429,
    "avg_edit_distance": 1.4921465968586387
  },
  "by_length": {
    "4": {
      "n": 62,
      "exact_recovery_rate": 0.16129032258064516,
      "partial_recovery_rate": 0.6653225806451613,
      "avg_edit_distance": 1.3387096774193548
    },
    "5": {
      "n": 44,
      "exact_recovery_rate": 0.3409090909090909,
      "partial_recovery_rate": 0.8136363636363636,
      "avg_edit_distance": 0.9318181818181818
    },
    "6": {
      "n": 57,
      "exact_recovery_rate": 0.017543859649122806,
      "partial_recovery_rate": 0.695906432748538,
      "avg_edit_distance": 1.8245614035087718
    },
    "7": {
      "n": 28,
      "exact_recovery_rate": 0.03571428571428571,
      "partial_recovery_rate": 0.7091836734693877,
      "avg_edit_distance": 2.0357142857142856
    }
  },
  "detailed_results": []
}