{
  "results": {
    "acrostics": {
      "avg_output_loss": 3.6177893762555557,
      "avg_critical_loss": 6.877763671875,
      "avg_critical_prob": 0.01561047077178955,
      "avg_noncritical_loss": 3.5200122010913066,
      "n_critical_tokens": 200,
      "n_output_tokens": 2895,
      "loss_differential": 3.3577514707836933,
      "critical_fraction": 0.0690846286701209
    },
    "sentlen": {
      "avg_output_loss": 2.8688233791783615,
      "avg_critical_loss": 2.935312629047676,
      "avg_critical_prob": 0.2751890466763423,
      "avg_noncritical_loss": 0,
      "n_critical_tokens": 1976,
      "n_output_tokens": 2687,
      "loss_differential": 0,
      "critical_fraction": 0.7353926311871977
    },
    "synonyms": {
      "avg_output_loss": 2.712536051132104,
      "avg_critical_loss": 8.510264521059783,
      "avg_critical_prob": 0.0021824405893035555,
      "avg_noncritical_loss": 2.4711902330689512,
      "n_critical_tokens": 184,
      "n_output_tokens": 4507,
      "loss_differential": 6.039074287990832,
      "critical_fraction": 0.04082538273796317
    },
    "synonym_poems": {
      "avg_output_loss": 3.1880407290364547,
      "avg_critical_loss": 0,
      "avg_critical_prob": 0,
      "avg_noncritical_loss": 3.217496841208481,
      "n_critical_tokens": 0,
      "n_output_tokens": 2938,
      "loss_differential": 0,
      "critical_fraction": 0.0
    },
    "sentlen_poems": {
      "avg_output_loss": 2.762792846482441,
      "avg_critical_loss": 0,
      "avg_critical_prob": 0,
      "avg_noncritical_loss": 2.847419599242091,
      "n_critical_tokens": 0,
      "n_output_tokens": 3017,
      "loss_differential": 0,
      "critical_fraction": 0.0
    },
    "punctuation": {
      "avg_output_loss": 2.7033773077429126,
      "avg_critical_loss": 0,
      "avg_critical_prob": 0,
      "avg_noncritical_loss": 2.862898111728344,
      "n_critical_tokens": 0,
      "n_output_tokens": 2651,
      "loss_differential": 0,
      "critical_fraction": 0.0
    }
  },
  "v0": {
    "acrostics": 62.0,
    "sentlen": 17.6,
    "synonyms": 13.8
  },
  "model": "Qwen/Qwen2.5-0.5B-Instruct"
}