{
  "results": {
    "acrostics": {
      "constrained_loss": 3.626481925660433,
      "unconstrained_loss": 2.6761230129401814,
      "encoding_tax": 0.9503589127202514,
      "n_examples": 50
    },
    "sentlen": {
      "constrained_loss": 2.9063036327196454,
      "unconstrained_loss": 2.2376247825245645,
      "encoding_tax": 0.6686788501950809,
      "n_examples": 50
    },
    "synonyms": {
      "constrained_loss": 2.723633476145508,
      "unconstrained_loss": 2.2337923088087575,
      "encoding_tax": 0.4898411673367504,
      "n_examples": 50
    },
    "synonym_poems": {
      "constrained_loss": 3.2033919651049714,
      "unconstrained_loss": 2.630156252510296,
      "encoding_tax": 0.5732357125946752,
      "n_examples": 50
    },
    "sentlen_poems": {
      "constrained_loss": 2.767978906554102,
      "unconstrained_loss": 2.6101711873559252,
      "encoding_tax": 0.1578077191981766,
      "n_examples": 50
    },
    "punctuation": {
      "constrained_loss": 2.7297647225162622,
      "unconstrained_loss": 2.2696223554793415,
      "encoding_tax": 0.4601423670369207,
      "n_examples": 50
    }
  },
  "v0": {
    "acrostics": 62.0,
    "sentlen": 17.6,
    "synonyms": 13.8
  },
  "model": "Qwen/Qwen2.5-0.5B-Instruct"
}