{
  "settings": {
    "n_shots": 10,
    "n_test": 50,
    "model": "gpt-4o-mini",
    "max_examples": 500
  },
  "pmi": {
    "acrostics": {
      "avg_accuracy": 1.0,
      "baseline": 0.038461538461538464,
      "lift": 0.9615384615384616,
      "per_position": [
        1.0,
        1.0,
        1.0,
        1.0
      ]
    },
    "synonyms": {
      "avg_accuracy": 1.0,
      "baseline": 0.5,
      "lift": 0.5,
      "per_position": [
        1.0,
        1.0,
        1.0,
        1.0
      ]
    },
    "sentlen": {
      "avg_accuracy": 1.0,
      "baseline": 0.5,
      "lift": 0.5,
      "per_position": [
        1.0,
        1.0,
        1.0,
        1.0
      ]
    }
  },
  "probe": {
    "acrostics": {
      "avg_probe_accuracy": 0.5,
      "baseline": 0.5,
      "lift": 0.0,
      "per_position": [
        0.5,
        0.5,
        0.5,
        0.5
      ]
    },
    "synonyms": {
      "avg_probe_accuracy": 0.8504999999999999,
      "baseline": 0.5,
      "lift": 0.3504999999999999,
      "per_position": [
        0.976,
        0.5,
        0.9299999999999999,
        0.9960000000000001
      ]
    },
    "sentlen": {
      "avg_probe_accuracy": 0.8265000000000001,
      "baseline": 0.5,
      "lift": 0.3265000000000001,
      "per_position": [
        0.908,
        0.5,
        0.9040000000000001,
        0.9940000000000001
      ]
    }
  },
  "llm": {
    "acrostics": {
      "exact_recovery": 0.0,
      "per_bit_accuracy": 0.0,
      "n_shots": 10,
      "n_test": 50
    },
    "synonyms": {
      "exact_recovery": 0.1,
      "per_bit_accuracy": 0.6307619047619046,
      "n_shots": 10,
      "n_test": 50
    },
    "sentlen": {
      "exact_recovery": 0.1,
      "per_bit_accuracy": 0.6620952380952383,
      "n_shots": 10,
      "n_test": 50
    }
  },
  "v0_reference": {
    "acrostics": 62.0,
    "synonyms": 13.8,
    "sentlen": 17.6
  }
}